Smartphone,Advanced smartphone with latest features,699.99,20,REF002
Tablet,Portable tablet for on-the-go productivity,399.99,15,REF004
Camera,High-resolution camera for capturing memorable moments,299.99,25,REF005
Printer,Wireless printer for convenient printing,179.99,5,REF006
Monitor,Widescreen monitor for immersive viewing experience,249.99,8,REF007
Keyboard,Ergonomic keyboard for comfortable typing,69.99,12,REF008
Mouse,Wireless mouse for precise navigation,29.99,40,REF009
gd,d,20,20,98978
